{
	"$schema": "https://schemas.wp.org/wp/6.2/theme.json",
	"settings": {
		"appearanceTools": true,
		"color": {
			"custom": true,
			"customGradient": true,
			"palette": [
				{
					"color": "#000000",
					"name": "Primary",
					"slug": "primary"
				},
				{
					"color": "#000000",
					"name": "Secondary",
					"slug": "secondary"
				},
				{
					"color": "#000000",
					"name": "Foreground",
					"slug": "foreground"
				},
				{
					"color": "#ffffff",
					"name": "Background",
					"slug": "background"
				},
				{
					"color": "#f5f2ec",
					"name": "Tertiary",
					"slug": "tertiary"
				}
			]
		},
		"layout": {
			"contentSize": "620px",
			"wideSize": "1100px"
		},
		"spacing": {
			"units": [
				"%",
				"px",
				"em",
				"rem",
				"vh",
				"vw"
			]
		},
		"typography": {
			"customFontSize": true,
			"fluid": true,
			"fontFamilies": [
				{
					"fontFace": [
						{
							"fontFamily": "Rubik",
							"fontStyle": "normal",
							"fontWeight": "900",
							"src": [
								"file:./assets/fonts/rubik_900.ttf"
							]
						},
						{
							"fontFamily": "Rubik",
							"fontStyle": "italic",
							"fontWeight": "900",
							"src": [
								"file:./assets/fonts/rubik_900italic.ttf"
							]
						}
					],
					"fontFamily": "Rubik",
					"slug": "rubik"
				},
				{
					"fontFace": [
						{
							"fontFamily": "Roboto",
							"fontStyle": "normal",
							"fontWeight": "300",
							"src": [
								"file:./assets/fonts/roboto_300.ttf"
							]
						},
						{
							"fontFamily": "Roboto",
							"fontStyle": "normal",
							"fontWeight": "500",
							"src": [
								"file:./assets/fonts/roboto_500.ttf"
							]
						},
						{
							"fontFamily": "Roboto",
							"fontStyle": "italic",
							"fontWeight": "300",
							"src": [
								"file:./assets/fonts/roboto_300italic.ttf"
							]
						},
						{
							"fontFamily": "Roboto",
							"fontStyle": "italic",
							"fontWeight": "500",
							"src": [
								"file:./assets/fonts/roboto_500italic.ttf"
							]
						},
						{
							"fontFamily": "Roboto",
							"fontStyle": "normal",
							"fontWeight": "700",
							"src": [
								"file:./assets/fonts/roboto_700.ttf"
							]
						},
						{
							"fontFamily": "Roboto",
							"fontStyle": "italic",
							"fontWeight": "700",
							"src": [
								"file:./assets/fonts/roboto_700italic.ttf"
							]
						}
					],
					"fontFamily": "Roboto",
					"slug": "roboto"
				}
			],
			"fontSizes": [
				{
					"fluid": {
						"max": "1.0625rem",
						"min": "0.825rem"
					},
					"name": "Small",
					"size": "1rem",
					"slug": "small"
				},
				{
					"fluid": {
						"max": "1.25rem",
						"min": "1rem"
					},
					"name": "Medium",
					"size": "1.125rem",
					"slug": "medium"
				},
				{
					"fluid": {
						"max": "2rem",
						"min": "1.75rem"
					},
					"name": "Large",
					"size": "1.75rem",
					"slug": "large"
				},
				{
					"fluid": {
						"max": "3rem",
						"min": "2.5rem"
					},
					"name": "Extra Large",
					"size": "3rem",
					"slug": "x-large"
				}
			]
		},
		"useRootPaddingAwareAlignments": true
	},
	"styles": {
		"blocks": {
			"core/button": {
				"border": {
					"radius": "2px"
				},
				"color": {
					"background": "var:preset|color|primary",
					"text": "var:preset|color|background"
				},
				"spacing": {
					"padding": {
						"bottom": "var:preset|spacing|40",
						"left": "var:preset|spacing|50",
						"right": "var:preset|spacing|50",
						"top": "var:preset|spacing|40"
					}
				},
				"typography": {
					"fontSize": "0.8rem",
					"fontStyle": "normal",
					"fontWeight": "500",
					"letterSpacing": "1px",
					"textTransform": "uppercase"
				}
			},
			"core/code": {
				"border": {
					"color": "var(--wp--preset--color--foreground)",
					"radius": "0.25rem",
					"style": "solid",
					"width": "2px"
				},
				"spacing": {
					"padding": {
						"bottom": "var(--wp--preset--spacing--50)",
						"left": "var(--wp--preset--spacing--50)",
						"right": "var(--wp--preset--spacing--50)",
						"top": "var(--wp--preset--spacing--50)"
					}
				},
				"typography": {
					"fontFamily": "monospace"
				}
			},
			"core/comment-author-name": {
				"typography": {
					"fontSize": "var(--wp--preset--font-size--small)"
				}
			},
			"core/comment-date": {
				"typography": {
					"fontSize": "var(--wp--preset--font-size--small)"
				}
			},
			"core/comment-edit-link": {
				"typography": {
					"fontSize": "var(--wp--preset--font-size--small)"
				}
			},
			"core/comment-reply-link": {
				"typography": {
					"fontSize": "var(--wp--preset--font-size--small)"
				}
			},
			"core/gallery": {
				"spacing": {
					"margin": {
						"bottom": "var(--wp--preset--spacing--50)"
					}
				}
			},
			"core/list": {
				"spacing": {
					"padding": {
						"left": "var(--wp--preset--spacing--70)"
					}
				}
			},
			"core/navigation": {
				"elements": {
					"link": {
						":hover": {
							"typography": {
								"textDecoration": "underline"
							}
						},
						"typography": {
							"textDecoration": "none"
						}
					}
				},
				"typography": {
					"fontFamily": "var:preset|font-family|roboto",
					"fontSize": "0.8rem",
					"fontStyle": "normal",
					"fontWeight": "400",
					"letterSpacing": "1px",
					"textTransform": "uppercase"
				}
			},
			"core/post-author-name": {
				"elements": {
					"link": {
						":hover": {
							"typography": {
								"textDecoration": "underline"
							}
						},
						"typography": {
							"textDecoration": "none"
						}
					}
				}
			},
			"core/post-comments-form": {
				"elements": {
					"link": {
						":hover": {
							"color": {
								"text": "#ffffff"
							}
						}
					}
				}
			},
			"core/post-date": {
				"color": {
					"text": "var(--wp--preset--color--foreground)"
				},
				"elements": {
					"link": {
						":hover": {
							"typography": {
								"textDecoration": "underline"
							}
						},
						"typography": {
							"textDecoration": "none"
						}
					}
				},
				"typography": {
					"fontSize": "var(--wp--preset--font-size--small)"
				}
			},
			"core/post-title": {
				"elements": {
					"link": {
						":hover": {
							"typography": {
								"textDecoration": "underline"
							}
						},
						"typography": {
							"textDecoration": "none"
						}
					}
				},
				"spacing": {
					"margin": {
						"bottom": "0"
					}
				}
			},
			"core/pullquote": {
				"border": {
					"bottom": {
						"style": "none",
						"width": "0px"
					},
					"color": "var(--wp--preset--color--foreground)",
					"left": {
						"style": "none",
						"width": "0px"
					},
					"right": {
						"style": "none",
						"width": "0px"
					},
					"style": "solid",
					"top": {
						"style": "none",
						"width": "0px"
					},
					"width": "1px 0"
				},
				"color": {
					"background": "var:preset|color|tertiary"
				},
				"spacing": {
					"padding": {
						"bottom": "var(--wp--preset--spacing--50)",
						"left": "var(--wp--preset--spacing--50)",
						"right": "var(--wp--preset--spacing--50)",
						"top": "var(--wp--preset--spacing--50)"
					}
				},
				"typography": {
					"fontFamily": "var:preset|font-family|rubik",
					"fontSize": "var(--wp--preset--font-size--large)",
					"fontStyle": "normal",
					"fontWeight": "900",
					"lineHeight": "1.3",
					"textTransform": "uppercase"
				}
			},
			"core/quote": {
				"border": {
					"color": "var(--wp--preset--color--primary)",
					"style": "solid",
					"width": "0 0 0 1px"
				},
				"spacing": {
					"padding": {
						"left": "var(--wp--preset--spacing--50)"
					}
				},
				"typography": {
					"fontStyle": "normal"
				}
			},
			"core/search": {
				"border": {
					"bottom": {
						"style": "none",
						"width": "0px"
					},
					"left": {
						"style": "none",
						"width": "0px"
					},
					"radius": "0px",
					"right": {
						"style": "none",
						"width": "0px"
					},
					"top": {
						"style": "none",
						"width": "0px"
					}
				},
				"typography": {
					"fontSize": "var:preset|font-size|small",
					"lineHeight": "1.6"
				}
			},
			"core/separator": {
				"border": {
					"color": "currentColor",
					"style": "solid",
					"width": "0 0 1px 0"
				},
				"color": {
					"text": "var(--wp--preset--color--foreground)"
				}
			},
			"core/site-tagline": {
				"typography": {
					"fontSize": "var(--wp--preset--font-size--small)"
				}
			},
			"core/site-title": {
				"elements": {
					"link": {
						":hover": {
							"typography": {
								"textDecoration": "underline"
							}
						},
						"typography": {
							"textDecoration": "none"
						}
					}
				},
				"typography": {
					"fontSize": "var(--wp--preset--font-size--medium)",
					"fontWeight": "700",
					"textTransform": "uppercase"
				}
			}
		},
		"color": {
			"background": "var(--wp--preset--color--background)",
			"text": "var(--wp--preset--color--foreground)"
		},
		"elements": {
			"button": {
				":active": {
					"color": {
						"background": "var(--wp--preset--color--primary)",
						"text": "var(--wp--preset--color--background)"
					}
				},
				":focus": {
					"color": {
						"background": "var(--wp--preset--color--primary)",
						"text": "var(--wp--preset--color--background)"
					}
				},
				":hover": {
					"color": {
						"background": "var(--wp--preset--color--secondary)",
						"text": "var(--wp--preset--color--background)"
					}
				},
				"border": {
					"radius": "0.25rem"
				},
				"color": {
					"background": "var(--wp--preset--color--primary)",
					"text": "var(--wp--preset--color--background)"
				}
			},
			"h1": {
				"typography": {
					"fontFamily": "Rubik",
					"fontSize": "var(--wp--preset--font-size--x-large)",
					"textTransform": "uppercase"
				}
			},
			"h2": {
				"typography": {
					"fontFamily": "Rubik",
					"fontSize": "var(--wp--preset--font-size--large)",
					"textTransform": "uppercase"
				}
			},
			"h3": {
				"typography": {
					"fontFamily": "Rubik",
					"fontSize": "clamp(1.5rem, calc(1.5rem + ((1vw - 0.48rem) * 0.4808)), 1.75rem)",
					"textTransform": "uppercase"
				}
			},
			"h4": {
				"typography": {
					"fontFamily": "Rubik",
					"fontSize": "var:preset|font-size|medium",
					"fontStyle": "normal",
					"textTransform": "uppercase"
				}
			},
			"h5": {
				"typography": {
					"fontFamily": "Roboto",
					"fontSize": "1.2rem",
					"fontStyle": "normal",
					"fontWeight": "600",
					"letterSpacing": "0.02em",
					"textTransform": "none"
				}
			},
			"h6": {
				"typography": {
					"fontFamily": "Roboto",
					"fontSize": "0.8rem",
					"fontStyle": "normal",
					"fontWeight": "400",
					"letterSpacing": "1px",
					"textTransform": "uppercase"
				}
			},
			"heading": {
				"typography": {
					"fontFamily": "var(--wp--preset--font-family--rubik)",
					"lineHeight": "1.125"
				}
			},
			"link": {
				":hover": {
					"color": {
						"text": "#545151"
					},
					"typography": {
						"textDecoration": "none"
					}
				},
				"color": {
					"text": "var(--wp--preset--color--primary)"
				}
			}
		},
		"spacing": {
			"blockGap": "1.5rem",
			"padding": {
				"bottom": "0px",
				"left": "var(--wp--preset--spacing--50)",
				"right": "var(--wp--preset--spacing--50)",
				"top": "0px"
			}
		},
		"typography": {
			"fontFamily": "var:preset|font-family|roboto",
			"fontSize": "16px",
			"fontStyle": "normal",
			"fontWeight": "300",
			"lineHeight": "1.6"
		}
	},
	"templateParts": [
		{
			"area": "header",
			"name": "header"
		},
		{
			"area": "footer",
			"name": "footer"
		}
	],
	"version": 2
}